{
  "bigearthnet_s2": {
    "tile_size": [
      256,
      256
    ],
    "channel_order": [
      "B04",
      "B03",
      "B02",
      "B08",
      "B11",
      "B12"
    ],
    "mean": [
      0.0353657178222484,
      0.04490414886784322,
      0.026810179150051388,
      0.25202044103740207,
      0.13998851956263536,
      0.07595969325330287
    ],
    "std": [
      0.024418114933001635,
      0.01823159127101143,
      0.013780447240958674,
      0.06984301593978659,
      0.05740210478398295,
      0.04134396853343156
    ]
  }
}