{
  "eurosat_ms": {
    "tile_size": [
      256,
      256
    ],
    "channel_order": [
      "B04",
      "B03",
      "B02",
      "B08",
      "B11",
      "B12"
    ],
    "mean": [
      0.0946058842006323,
      0.10410913800203159,
      0.1116749117578508,
      0.22993388871905604,
      0.1119764350539079,
      0.2597718421492512
    ],
    "std": [
      0.05837534721474048,
      0.0386335544911211,
      0.03254190375767426,
      0.11047412529015901,
      0.07578189555507901,
      0.12259013510989043
    ]
  }
}